Rk,Player,Pos,Age,Tm,G,GS,MP,FG,FGA,FG%,3P,3PA,3P%,2P,2PA,2P%,eFG%,FT,FTA,FT%,ORB,DRB,TRB,AST,STL,BLK,TOV,PF,PTS
1,James Harden\hardeja01,SG,30,HOU,68,68,36.5,9.9,22.3,.444,4.4,12.4,.355,5.5,9.9,.556,.543,10.2,11.8,.865,1.0,5.5,6.6,7.5,1.8,0.9,4.5,3.3,34.3
2,Bradley Beal\bealbr01,SG,26,WAS,57,57,36.0,10.4,22.9,.455,3.0,8.4,.353,7.4,14.4,.515,.520,6.8,8.0,.842,0.9,3.3,4.2,6.1,1.2,0.4,3.4,2.2,30.5
3,Damian Lillard\lillada01,PG,29,POR,66,66,37.5,9.5,20.4,.463,4.1,10.2,.401,5.4,10.2,.524,.563,7.0,7.8,.888,0.5,3.8,4.3,8.0,1.1,0.3,2.9,1.7,30.0
4,Trae Young\youngtr01,PG,21,ATL,60,60,35.3,9.1,20.8,.437,3.4,9.5,.361,5.7,11.4,.501,.519,8.0,9.3,.860,0.5,3.7,4.3,9.3,1.1,0.1,4.8,1.7,29.6
5,Giannis Antetokounmpo\antetgi01,PF,25,MIL,63,63,30.4,10.9,19.7,.553,1.4,4.7,.304,9.5,15.0,.631,.589,6.3,10.0,.633,2.2,11.4,13.6,5.6,1.0,1.0,3.7,3.1,29.5
6,Luka Dončić\doncilu01,PG,20,DAL,61,61,33.6,9.5,20.6,.463,2.8,8.9,.316,6.7,11.7,.574,.531,7.0,9.2,.758,1.3,8.1,9.4,8.8,1.0,0.2,4.3,2.5,28.8
7,Russell Westbrook\westbru01,PG,31,HOU,57,57,35.9,10.6,22.5,.472,1.0,3.7,.258,9.6,18.7,.514,.493,5.1,6.7,.763,1.8,6.2,7.9,7.0,1.6,0.4,4.5,3.5,27.2
8,Kawhi Leonard\leonaka01,SF,28,LAC,57,57,32.4,9.3,19.9,.470,2.2,5.7,.378,7.2,14.2,.506,.524,6.2,7.1,.886,0.9,6.1,7.1,4.9,1.8,0.6,2.6,2.0,27.1
9,Devin Booker\bookede01,SG,23,PHO,70,70,35.9,9.0,18.3,.489,2.0,5.7,.354,6.9,12.6,.549,.544,6.7,7.3,.919,0.4,3.8,4.2,6.5,0.7,0.3,3.8,3.0,26.6
10,Anthony Davis\davisan02,PF,26,LAL,62,62,34.4,8.9,17.7,.503,1.2,3.5,.330,7.7,14.2,.546,.536,7.2,8.5,.846,2.3,7.0,9.3,3.2,1.5,2.3,2.5,2.5,26.1
11,Zach LaVine\lavinza01,SG,24,CHI,60,60,34.8,9.0,20.0,.450,3.1,8.1,.380,5.9,11.9,.497,.526,4.5,5.6,.802,0.7,4.1,4.8,4.2,1.5,0.5,3.4,2.2,25.5
12,LeBron James\jamesle01,PG,35,LAL,67,67,34.6,9.6,19.4,.493,2.2,6.3,.348,7.4,13.1,.564,.550,3.9,5.7,.693,1.0,6.9,7.8,10.2,1.2,0.5,3.9,1.8,25.3
13,Donovan Mitchell\mitchdo01,SG,23,UTA,69,69,34.3,8.7,19.4,.449,2.5,6.9,.366,6.2,12.6,.494,.513,4.0,4.7,.863,0.8,3.6,4.4,4.3,1.0,0.2,2.7,2.5,24.0
14,Brandon Ingram\ingrabr01,PF,22,NOP,62,62,33.9,8.2,17.7,.463,2.4,6.2,.391,5.8,11.5,.501,.531,5.0,5.9,.851,0.8,5.3,6.1,4.2,1.0,0.6,3.0,2.9,23.8
15,Jayson Tatum\tatumja01,PF,21,BOS,66,66,34.3,8.4,18.6,.450,2.9,7.1,.403,5.5,11.5,.480,.527,3.8,4.7,.812,1.0,6.0,7.0,3.0,1.4,0.9,2.3,2.1,23.4
16,Joel Embiid\embiijo01,C,25,PHI,51,51,29.5,7.5,15.7,.477,1.1,3.4,.331,6.4,12.3,.517,.512,6.9,8.5,.807,2.8,8.9,11.6,3.0,0.9,1.3,3.1,3.4,23.0
17,Pascal Siakam\siakapa01,PF,25,TOR,60,60,35.2,8.3,18.4,.453,2.2,6.1,.359,6.2,12.3,.499,.512,4.0,5.1,.792,1.1,6.3,7.3,3.5,1.0,0.9,2.5,2.8,22.9
18,CJ McCollum\mccolcj01,SG,28,POR,70,70,36.5,8.7,19.4,.451,2.8,7.3,.379,6.0,12.1,.494,.522,2.0,2.6,.757,0.7,3.6,4.2,4.4,0.8,0.6,1.8,2.6,22.2
19,DeMar DeRozan\derozde01,SF,30,SAS,68,68,34.1,8.2,15.4,.531,0.1,0.5,.257,8.1,14.9,.540,.535,5.6,6.6,.845,0.6,4.9,5.5,5.6,1.0,0.3,2.4,2.6,22.1
20,Andrew Wiggins\wiggian01,SF-SG,24,TOT,54,54,34.4,8.1,18.1,.447,2.1,6.2,.332,6.0,11.9,.506,.504,3.5,5.0,.709,1.2,3.9,5.1,3.7,0.8,1.0,2.4,2.4,21.8
21,De'Aaron Fox\foxde01,PG,22,SAC,51,49,32.0,7.7,16.0,.480,1.1,3.6,.292,6.6,12.4,.535,.513,4.7,6.7,.705,0.7,3.2,3.8,6.8,1.5,0.5,3.1,2.8,21.1
22,Khris Middleton\middlkh01,SF,28,MIL,62,59,29.9,7.6,15.3,.497,2.4,5.7,.415,5.2,9.6,.546,.575,3.4,3.7,.916,0.7,5.5,6.2,4.3,0.9,0.1,2.2,2.3,20.9
23,Collin Sexton\sextoco01,SG,21,CLE,65,65,33.0,7.9,16.7,.472,1.5,3.9,.380,6.4,12.8,.501,.517,3.5,4.1,.846,0.9,2.2,3.1,3.0,1.0,0.1,2.4,2.2,20.8
24,Spencer Dinwiddie\dinwisp01,SG,26,BRK,64,49,31.2,6.6,16.0,.415,1.9,6.3,.308,4.7,9.7,.485,.476,5.4,7.0,.778,0.5,3.0,3.5,6.8,0.6,0.3,2.7,2.8,20.6
25,Kristaps Porziņģis\porzikr01,PF,24,DAL,57,57,31.8,7.0,16.4,.427,2.5,7.1,.352,4.5,9.3,.484,.503,4.0,5.0,.799,1.8,7.7,9.5,1.8,0.7,2.0,1.6,3.2,20.4
26,Kemba Walker\walkeke02,PG,29,BOS,56,56,31.1,6.8,15.9,.425,3.2,8.4,.381,3.5,7.4,.476,.526,3.7,4.3,.864,0.6,3.2,3.9,4.8,0.9,0.5,2.1,1.6,20.4
27,Jaylen Brown\brownja02,SF,23,BOS,57,57,33.9,7.5,15.6,.481,2.3,5.9,.382,5.2,9.6,.543,.554,3.1,4.3,.724,1.1,5.3,6.4,2.1,1.1,0.4,2.2,2.9,20.3
28,Bojan Bogdanović\bogdabo02,SF,30,UTA,63,63,33.1,6.6,14.8,.447,3.0,7.3,.414,3.6,7.6,.479,.548,4.0,4.4,.903,0.6,3.5,4.1,2.1,0.5,0.1,2.5,1.7,20.2
29,Jimmy Butler\butleji01,SF,30,MIA,58,58,33.8,5.9,13.1,.455,0.5,2.1,.244,5.4,11.0,.495,.474,7.6,9.1,.834,1.8,4.8,6.7,6.0,1.8,0.6,2.2,1.4,19.9
30,Nikola Jokić\jokicni01,C,24,DEN,73,73,32.0,7.7,14.7,.528,1.1,3.5,.314,6.6,11.2,.594,.565,3.4,4.1,.817,2.3,7.5,9.7,7.0,1.2,0.6,3.1,3.0,19.9
31,T.J. Warren\warretj01,SF,26,IND,67,67,32.9,8.0,14.9,.536,1.4,3.4,.403,6.6,11.5,.575,.581,2.5,3.0,.819,1.0,3.2,4.2,1.5,1.2,0.5,1.3,2.8,19.8
32,Tobias Harris\harrito02,PF,27,PHI,72,72,34.3,7.7,16.3,.471,1.8,5.0,.367,5.9,11.3,.517,.527,2.4,3.0,.806,1.0,5.9,6.9,3.2,0.7,0.6,1.4,2.3,19.6
33,Nikola Vučević\vucevni01,C,29,ORL,62,62,32.2,8.0,16.7,.477,1.6,4.7,.339,6.4,12.0,.531,.525,2.1,2.7,.784,2.3,8.6,10.9,3.6,0.9,0.8,1.4,2.2,19.6
34,Julius Randle\randlju01,PF,25,NYK,64,64,32.5,7.2,15.7,.460,1.0,3.6,.277,6.2,12.1,.515,.492,4.0,5.5,.733,2.4,7.4,9.7,3.1,0.8,0.3,3.0,2.8,19.5
35,Kyle Lowry\lowryky01,PG,33,TOR,58,58,36.2,5.8,13.8,.416,2.8,8.0,.352,2.9,5.8,.504,.518,5.1,5.9,.857,0.6,4.5,5.0,7.5,1.4,0.4,3.1,3.3,19.4
36,Buddy Hield\hieldbu01,SG,27,SAC,72,44,30.8,6.9,16.1,.429,3.8,9.6,.394,3.2,6.6,.479,.545,1.6,1.9,.846,0.8,3.8,4.6,3.0,0.9,0.2,2.3,2.3,19.2
37,Jrue Holiday\holidjr01,SG,29,NOP,61,61,34.7,7.5,16.5,.455,2.0,5.7,.353,5.5,10.8,.509,.516,2.1,3.0,.709,1.3,3.5,4.8,6.7,1.6,0.8,3.0,2.4,19.1
38,Shai Gilgeous-Alexander\gilgesh01,SG,21,OKC,70,70,34.7,6.8,14.5,.471,1.2,3.6,.347,5.6,10.9,.512,.514,4.1,5.1,.807,0.7,5.2,5.9,3.3,1.1,0.7,1.9,1.7,19.0
39,LaMarcus Aldridge\aldrila01,C,34,SAS,53,53,33.1,7.4,15.0,.493,1.2,3.0,.389,6.2,12.0,.519,.532,3.0,3.6,.827,1.9,5.5,7.4,2.4,0.7,1.6,1.4,2.4,18.9
40,Dennis Schröder\schrode01,PG,26,OKC,65,2,30.8,7.0,14.8,.469,1.9,5.0,.385,5.0,9.8,.513,.534,3.0,3.6,.839,0.3,3.3,3.6,4.0,0.7,0.2,2.6,2.2,18.9
41,Danilo Gallinari\gallida01,PF,31,OKC,62,62,29.6,5.8,13.2,.438,2.9,7.1,.405,2.9,6.1,.476,.547,4.3,4.8,.893,0.5,4.6,5.2,1.9,0.7,0.1,1.2,1.2,18.7
42,Kelly Oubre Jr.\oubreke01,SF,24,PHO,56,55,34.5,6.7,14.8,.452,1.9,5.5,.352,4.7,9.3,.511,.517,3.4,4.4,.780,1.2,5.3,6.4,1.5,1.3,0.7,1.5,3.4,18.7
43,Montrezl Harrell\harremo01,C,26,LAC,63,2,27.8,7.5,12.9,.580,0.0,0.3,.000,7.5,12.6,.593,.580,3.7,5.6,.658,2.6,4.5,7.1,1.7,0.6,1.1,1.7,2.3,18.6
44,Evan Fournier\fournev01,SG,27,ORL,66,66,31.5,6.6,14.1,.467,2.6,6.6,.399,4.0,7.5,.527,.560,2.7,3.3,.818,0.3,2.3,2.6,3.2,1.1,0.2,1.9,2.4,18.5
45,Jamal Murray\murraja01,PG,22,DEN,59,59,32.3,6.9,15.2,.456,1.9,5.5,.346,5.0,9.7,.519,.519,2.8,3.1,.881,0.8,3.2,4.0,4.8,1.1,0.3,2.2,1.7,18.5
46,Domantas Sabonis\sabondo01,C,23,IND,62,62,34.8,7.4,13.7,.540,0.3,1.1,.254,7.1,12.6,.565,.550,3.5,4.8,.723,3.0,9.4,12.4,5.0,0.8,0.5,2.7,3.1,18.5
47,Devonte' Graham\grahade01,PG,24,CHO,63,53,35.1,5.8,15.3,.382,3.5,9.3,.373,2.4,6.0,.397,.495,3.0,3.7,.820,0.7,2.7,3.4,7.5,1.0,0.2,2.9,1.8,18.2
48,Lou Williams\willilo02,SG,33,LAC,65,8,28.7,6.0,14.4,.418,1.7,4.8,.352,4.3,9.6,.451,.477,4.5,5.2,.861,0.5,2.6,3.1,5.6,0.7,0.2,2.8,1.2,18.2
49,Derrick Rose\rosede01,PG,31,DET,50,15,26.0,7.4,15.1,.490,0.9,2.9,.306,6.5,12.1,.535,.520,2.4,2.8,.871,0.5,1.9,2.4,5.6,0.8,0.3,2.5,1.0,18.1
50,Terry Rozier\roziete01,PG,25,CHO,63,63,34.3,6.3,14.9,.423,2.7,6.7,.407,3.6,8.2,.436,.514,2.6,3.0,.874,0.8,3.6,4.4,4.1,1.0,0.2,2.2,2.0,18.0
51,Ja Morant\moranja01,PG,20,MEM,67,67,31.0,6.7,14.0,.477,0.9,2.7,.335,5.8,11.3,.511,.509,3.6,4.6,.776,0.8,3.1,3.9,7.3,0.9,0.3,3.3,1.6,17.8
52,Andre Drummond\drumman01,C,26,TOT,57,56,33.0,7.3,13.8,.533,0.1,0.6,.143,7.2,13.1,.551,.536,3.0,5.2,.575,4.4,10.8,15.2,2.7,1.9,1.6,3.6,3.5,17.7
53,Kevin Love\loveke01,PF,31,CLE,56,56,31.8,5.8,13.0,.450,2.6,7.0,.374,3.2,6.0,.537,.550,3.3,3.9,.854,1.0,8.8,9.8,3.2,0.6,0.3,2.5,1.6,17.6
54,Chris Paul\paulch01,PG,34,OKC,70,70,31.5,6.2,12.7,.489,1.6,4.3,.365,4.6,8.3,.554,.552,3.6,4.0,.907,0.4,4.6,5.0,6.7,1.6,0.2,2.3,2.3,17.6
55,Fred VanVleet\vanvlfr01,PG,25,TOR,54,54,35.7,5.9,14.3,.413,2.7,6.9,.390,3.2,7.4,.434,.507,3.1,3.7,.848,0.3,3.4,3.8,6.6,1.9,0.3,2.2,2.4,17.6
56,Gordon Hayward\haywago01,SF,29,BOS,52,52,33.5,6.7,13.5,.500,1.6,4.3,.383,5.1,9.2,.554,.561,2.4,2.8,.855,1.1,5.6,6.7,4.1,0.7,0.4,1.8,1.8,17.5
57,Jaren Jackson Jr.\jacksja02,C,20,MEM,57,57,28.5,6.2,13.2,.469,2.5,6.5,.394,3.6,6.8,.540,.565,2.4,3.3,.747,1.0,3.6,4.6,1.4,0.7,1.6,1.7,4.1,17.4
58,Marcus Morris\morrima03,SF-PF,30,TOT,62,62,31.2,5.7,13.1,.438,2.3,5.6,.408,3.4,7.5,.461,.526,2.9,3.5,.823,1.0,4.1,5.0,1.4,0.8,0.5,1.6,2.9,16.7
59,Malcolm Brogdon\brogdma01,PG,27,IND,54,54,30.9,6.0,13.8,.438,1.4,4.3,.326,4.6,9.5,.488,.489,3.1,3.4,.892,0.9,4.0,4.9,7.1,0.6,0.2,2.4,1.8,16.5
60,Ben Simmons\simmobe01,PG,23,PHI,57,57,35.4,6.6,11.4,.580,0.0,0.1,.286,6.5,11.2,.583,.581,3.2,5.2,.621,2.0,5.8,7.8,8.0,2.1,0.6,3.5,3.3,16.4
61,Dillon Brooks\brookdi01,SG,24,MEM,73,73,28.9,6.0,14.6,.407,2.0,5.6,.358,3.9,9.0,.438,.476,2.2,2.8,.808,0.9,2.4,3.3,2.1,0.9,0.4,1.7,3.8,16.2
62,Goran Dragić\dragigo01,PG,33,MIA,59,3,28.2,5.4,12.3,.441,2.1,5.7,.367,3.3,6.5,.505,.526,3.2,4.2,.776,0.5,2.7,3.2,5.1,0.7,0.2,2.4,2.1,16.2
63,Norman Powell\powelno01,SG,26,TOR,52,26,28.4,5.7,11.5,.495,2.1,5.3,.399,3.6,6.3,.575,.586,2.5,2.9,.843,0.5,3.2,3.7,1.8,1.2,0.4,1.5,2.1,16.0
64,Bam Adebayo\adebaba01,PF,22,MIA,72,72,33.6,6.1,11.0,.557,0.0,0.2,.143,6.1,10.8,.564,.558,3.7,5.3,.691,2.4,7.8,10.2,5.1,1.1,1.3,2.8,2.5,15.9
65,Tim Hardaway Jr.\hardati02,SG,27,DAL,71,58,29.5,5.4,12.5,.434,2.9,7.2,.398,2.5,5.2,.485,.550,2.1,2.6,.819,0.4,2.9,3.3,1.9,0.6,0.1,1.0,1.8,15.8
66,Hassan Whiteside\whiteha01,C,30,POR,67,61,30.0,6.5,10.5,.621,0.1,0.1,.571,6.4,10.4,.622,.624,2.4,3.6,.686,3.9,9.7,13.5,1.2,0.4,2.9,1.8,2.9,15.5
67,Carmelo Anthony\anthoca01,PF,35,POR,58,58,32.8,5.8,13.5,.430,1.5,3.9,.385,4.3,9.6,.448,.485,2.3,2.8,.845,1.2,5.1,6.3,1.5,0.8,0.5,1.7,2.9,15.4
68,Dāvis Bertāns\bertada01,PF,27,WAS,54,4,29.3,4.9,11.3,.434,3.7,8.7,.424,1.2,2.6,.471,.598,1.9,2.3,.852,0.6,3.9,4.5,1.7,0.7,0.6,1.1,2.6,15.4
69,Serge Ibaka\ibakase01,C,30,TOR,55,27,27.0,6.2,12.2,.512,1.3,3.3,.385,5.0,8.9,.559,.564,1.6,2.3,.718,2.1,6.1,8.2,1.4,0.5,0.8,2.0,2.8,15.4
70,Kendrick Nunn\nunnke01,SG,24,MIA,67,67,29.3,6.0,13.6,.439,2.0,5.8,.350,3.9,7.8,.505,.514,1.3,1.5,.850,0.3,2.4,2.7,3.3,0.8,0.2,1.7,2.3,15.3
71,J.J. Redick\redicjj01,SG,35,NOP,60,36,26.4,4.8,10.5,.453,3.0,6.6,.453,1.8,3.9,.453,.596,2.8,3.1,.892,0.2,2.4,2.5,2.0,0.3,0.2,1.3,1.6,15.3
72,Jordan Clarkson\clarkjo01,SG,27,TOT,71,2,24.0,5.5,12.2,.454,2.1,5.8,.368,3.4,6.4,.533,.542,1.9,2.3,.836,0.7,1.9,2.6,1.9,0.6,0.2,1.4,1.5,15.2
73,Will Barton\bartowi01,SF,29,DEN,58,58,33.0,5.7,12.7,.450,1.9,5.0,.375,3.9,7.8,.498,.523,1.8,2.3,.767,1.3,5.0,6.3,3.7,1.1,0.5,1.5,2.1,15.1
74,Bogdan Bogdanović\bogdabo01,SG,27,SAC,61,28,29.0,5.5,12.6,.440,2.7,7.2,.372,2.8,5.3,.532,.547,1.4,1.9,.741,0.4,3.0,3.4,3.4,1.0,0.2,1.7,2.2,15.1
75,Rudy Gobert\goberru01,C,27,UTA,68,68,34.3,5.7,8.2,.693,0.0,0.0,,5.7,8.2,.693,.693,3.7,5.9,.630,3.4,10.1,13.5,1.5,0.8,2.0,1.9,3.2,15.1
76,Alec Burks\burksal01,SG,28,TOT,66,19,26.6,4.9,11.6,.418,1.8,4.6,.385,3.1,7.1,.439,.493,3.6,4.0,.887,0.7,3.5,4.3,2.9,0.9,0.3,1.4,1.9,15.0
77,Eric Bledsoe\bledser01,PG,30,MIL,61,61,27.0,5.5,11.5,.475,1.2,3.5,.344,4.3,8.0,.533,.528,2.8,3.5,.790,0.7,3.9,4.6,5.4,0.9,0.4,2.4,2.1,14.9
78,Jonas Valančiūnas\valanjo01,C,27,MEM,70,70,26.4,6.2,10.6,.585,0.5,1.3,.352,5.7,9.3,.617,.606,2.1,2.9,.740,3.0,8.2,11.3,1.9,0.4,1.1,1.8,2.6,14.9
79,Lauri Markkanen\markkla01,PF,22,CHI,50,50,29.8,5.0,11.8,.425,2.2,6.3,.344,2.8,5.5,.518,.517,2.5,3.1,.824,1.2,5.1,6.3,1.5,0.8,0.5,1.6,1.9,14.7
80,Terrence Ross\rosste01,SG,28,ORL,69,0,27.4,4.9,12.3,.403,2.6,7.3,.351,2.4,5.0,.480,.508,2.3,2.7,.853,0.2,3.0,3.2,1.2,1.1,0.3,1.0,1.6,14.7
81,Harrison Barnes\barneha02,PF,27,SAC,72,72,34.5,5.1,11.0,.460,1.4,3.7,.381,3.7,7.3,.501,.525,3.0,3.7,.801,1.1,3.9,4.9,2.2,0.6,0.2,1.2,1.3,14.5
82,Joe Harris\harrijo01,SF,28,BRK,69,69,30.8,5.5,11.4,.486,2.5,5.9,.424,3.0,5.5,.553,.596,0.9,1.3,.719,0.9,3.4,4.3,2.1,0.6,0.2,1.5,2.3,14.5
83,Aaron Gordon\gordoaa01,PF,24,ORL,62,62,32.5,5.4,12.4,.437,1.2,3.8,.308,4.2,8.5,.494,.484,2.4,3.6,.674,1.7,5.9,7.7,3.7,0.8,0.6,1.6,2.0,14.4
84,RJ Barrett\barrerj01,SG,19,NYK,56,55,30.4,5.2,13.0,.402,1.1,3.5,.320,4.1,9.5,.432,.445,2.8,4.5,.614,0.9,4.1,5.0,2.6,1.0,0.3,2.2,2.2,14.3
85,Eric Paschall\pascher01,PF,23,GSW,60,26,27.6,5.3,10.7,.497,0.6,2.2,.287,4.7,8.5,.550,.526,2.7,3.5,.774,1.4,3.2,4.6,2.1,0.5,0.2,1.6,2.1,14.0
86,Josh Richardson\richajo01,SG,26,PHI,55,53,30.8,5.1,11.7,.430,1.5,4.5,.341,3.5,7.2,.486,.496,2.1,2.6,.809,0.7,2.4,3.2,2.9,0.9,0.7,1.9,2.5,13.7
87,Tyler Herro\herroty01,SG,20,MIA,55,8,27.4,4.9,11.5,.428,2.1,5.4,.389,2.8,6.1,.462,.520,1.6,1.8,.870,0.3,3.8,4.1,2.2,0.6,0.2,1.6,1.4,13.5
88,Duncan Robinson\robindu01,SF,25,MIA,73,68,29.7,4.4,9.4,.470,3.7,8.3,.446,0.7,1.1,.654,.667,0.9,1.0,.931,0.1,3.0,3.2,1.4,0.5,0.3,1.0,2.6,13.5
89,Coby White\whiteco01,SG,19,CHI,65,1,25.8,4.8,12.2,.394,2.0,5.8,.354,2.8,6.4,.430,.478,1.6,2.0,.791,0.4,3.1,3.5,2.7,0.8,0.1,1.7,1.8,13.2
90,Christian Wood\woodch01,PF,24,DET,62,12,21.4,4.6,8.2,.567,0.9,2.3,.386,3.8,5.9,.636,.620,2.9,3.9,.744,1.7,4.6,6.3,1.0,0.5,0.9,1.4,1.6,13.1
91,Miles Bridges\bridgmi02,SF,21,CHO,65,64,30.7,4.9,11.6,.424,1.5,4.6,.330,3.4,7.0,.486,.489,1.6,2.0,.809,1.4,4.2,5.6,1.8,0.6,0.7,1.5,2.0,13.0
92,Ricky Rubio\rubiori01,PG,29,PHO,65,65,31.0,4.4,10.6,.415,1.2,3.3,.361,3.2,7.3,.439,.471,3.0,3.5,.863,0.7,4.0,4.7,8.8,1.4,0.2,2.7,2.6,13.0
93,Marcus Smart\smartma01,SG,25,BOS,60,40,32.0,4.3,11.4,.375,2.3,6.6,.347,2.0,4.8,.415,.476,2.1,2.5,.836,0.7,3.1,3.8,4.9,1.7,0.5,1.7,2.7,12.9
94,Kyle Kuzma\kuzmaky01,PF,24,LAL,61,9,25.0,4.8,11.0,.436,1.4,4.5,.316,3.4,6.5,.518,.500,1.9,2.5,.735,0.9,3.6,4.5,1.3,0.5,0.4,1.5,2.1,12.8
95,Robert Covington\covinro01,PF-C,29,TOT,70,68,30.5,4.4,10.3,.422,2.3,6.9,.335,2.1,3.5,.593,.533,1.4,1.8,.798,0.9,5.7,6.6,1.3,1.6,1.3,1.5,3.1,12.4
96,Seth Curry\curryse01,SG,29,DAL,64,25,24.6,4.4,9.0,.495,2.3,5.0,.452,2.2,4.0,.549,.621,1.3,1.5,.825,0.4,1.8,2.3,1.9,0.6,0.1,1.0,1.8,12.4
97,Darius Garland\garlada01,PG,20,CLE,59,59,30.9,4.7,11.8,.401,1.8,5.0,.355,3.0,6.8,.434,.476,1.1,1.2,.875,0.5,1.4,1.9,3.9,0.7,0.1,2.6,1.6,12.3
98,De'Andre Hunter\huntede01,SF,22,ATL,63,62,32.0,4.4,10.8,.410,1.7,4.8,.355,2.7,6.0,.454,.489,1.7,2.3,.764,0.7,3.8,4.5,1.8,0.7,0.3,1.6,2.9,12.3
99,Kevin Huerter\huertke01,SG,21,ATL,56,48,31.4,4.5,10.9,.413,2.3,6.0,.380,2.2,4.9,.453,.517,0.9,1.1,.828,0.6,3.4,4.1,3.8,0.9,0.5,1.6,2.5,12.2
100,P.J. Washington\washipj01,PF,21,CHO,58,57,30.3,4.6,10.2,.455,1.5,4.0,.374,3.1,6.2,.507,.528,1.5,2.3,.647,1.0,4.4,5.4,2.1,0.9,0.8,1.6,2.7,12.2
101,Brandon Clarke\clarkbr01,PF,23,MEM,58,4,22.4,5.1,8.3,.618,0.4,1.1,.359,4.7,7.2,.658,.642,1.5,1.9,.759,1.6,4.4,5.9,1.4,0.6,0.8,0.9,1.7,12.1
102,Markelle Fultz\fultzma01,PG,21,ORL,72,60,27.7,5.0,10.7,.465,0.5,1.9,.267,4.5,8.8,.507,.488,1.6,2.2,.730,0.6,2.7,3.3,5.1,1.3,0.2,2.0,2.0,12.1
103,Myles Turner\turnemy01,C,23,IND,62,62,29.5,4.3,9.5,.457,1.4,4.0,.344,2.9,5.4,.540,.530,2.0,2.7,.751,1.4,5.2,6.6,1.2,0.7,2.1,1.4,2.7,12.1
104,Taurean Prince\princta02,SF,25,BRK,64,61,29.0,4.3,11.5,.376,2.3,6.7,.339,2.1,4.8,.429,.475,1.1,1.4,.798,0.8,5.2,6.0,1.8,0.9,0.4,2.0,2.5,12.1
105,Jerami Grant\grantje01,PF,25,DEN,71,24,26.6,4.3,8.9,.478,1.4,3.5,.389,2.9,5.4,.537,.555,2.1,2.8,.750,0.8,2.7,3.5,1.2,0.7,0.8,0.9,2.2,12.0
106,Brook Lopez\lopezbr01,C,31,MIL,68,67,26.7,4.3,9.9,.435,1.5,4.8,.314,2.8,5.1,.549,.511,1.9,2.2,.836,0.9,3.7,4.6,1.5,0.7,2.4,1.0,2.4,12.0
107,Tristan Thompson\thomptr01,C,28,CLE,57,51,30.2,5.1,9.9,.512,0.2,0.4,.391,4.9,9.5,.518,.520,1.7,2.8,.615,4.0,6.2,10.1,2.1,0.6,0.9,1.8,2.2,12.0
108,Al Horford\horfoal01,C,33,PHI,67,61,30.2,4.8,10.6,.450,1.5,4.2,.350,3.3,6.4,.516,.520,0.9,1.2,.763,1.5,5.3,6.8,4.0,0.8,0.9,1.2,2.1,11.9
109,Lonzo Ball\balllo01,PG,22,NOP,63,54,32.1,4.4,10.9,.403,2.3,6.3,.375,2.0,4.6,.442,.511,0.7,1.2,.566,1.1,5.0,6.1,7.0,1.4,0.6,3.1,2.0,11.8
110,Glenn Robinson III\robingl02,SF,26,TOT,62,52,28.8,4.6,9.5,.486,1.2,3.2,.391,3.4,6.4,.534,.552,1.2,1.4,.860,1.3,3.0,4.4,1.5,0.9,0.3,0.9,1.6,11.7
111,Patty Mills\millspa02,PG,31,SAS,66,1,22.5,3.9,9.1,.431,2.3,6.1,.382,1.6,3.0,.533,.560,1.5,1.7,.866,0.3,1.3,1.6,1.8,0.8,0.1,0.8,1.6,11.6
112,Paul Millsap\millspa01,PF,34,DEN,51,48,24.3,4.1,8.6,.482,1.1,2.4,.435,3.1,6.2,.500,.543,2.3,2.8,.816,1.9,3.8,5.7,1.6,0.9,0.6,1.4,2.9,11.6
113,Nemanja Bjelica\bjeline01,PF,31,SAC,72,67,27.9,4.4,9.1,.481,1.9,4.4,.419,2.5,4.6,.541,.583,1.0,1.2,.821,1.5,4.8,6.4,2.8,0.9,0.6,1.4,3.0,11.5
114,Derrick White\whitede01,SG,25,SAS,68,20,24.7,3.7,8.1,.458,1.2,3.2,.366,2.6,4.9,.518,.530,2.6,3.1,.853,0.5,2.8,3.3,3.5,0.6,0.9,1.3,2.2,11.3
115,Malik Beasley\beaslma01,SG,23,TOT,55,14,22.0,4.1,9.7,.425,1.9,5.0,.388,2.2,4.7,.465,.525,1.0,1.2,.818,0.3,2.4,2.7,1.4,0.7,0.1,1.0,1.4,11.2
116,Bryn Forbes\forbebr01,SG,26,SAS,63,62,25.1,3.8,9.2,.417,2.3,6.0,.388,1.5,3.2,.470,.544,1.2,1.4,.833,0.2,1.8,2.0,1.7,0.5,0.0,0.9,1.8,11.2
117,Jarrett Allen\allenja01,C,21,BRK,70,64,26.5,4.3,6.6,.649,0.0,0.1,.000,4.3,6.6,.658,.649,2.4,3.9,.633,3.1,6.5,9.6,1.6,0.6,1.3,1.1,2.3,11.1
118,Cody Zeller\zelleco01,C,27,CHO,58,39,23.1,4.3,8.3,.524,0.3,1.3,.240,4.0,7.0,.577,.543,2.1,3.1,.682,2.8,4.3,7.1,1.5,0.7,0.4,1.3,2.4,11.1
119,Cedi Osman\osmande01,SF,24,CLE,65,65,29.4,4.1,9.4,.437,1.9,4.9,.383,2.2,4.4,.497,.538,1.0,1.4,.670,0.6,3.0,3.6,2.4,0.8,0.2,1.4,2.5,11.0
120,Steven Adams\adamsst01,C,26,OKC,63,63,26.7,4.5,7.6,.592,0.0,0.0,.333,4.5,7.5,.594,.593,1.9,3.2,.582,3.3,6.0,9.3,2.3,0.8,1.1,1.5,1.9,10.9
121,Dejounte Murray\murrade01,PG,23,SAS,66,58,25.6,4.5,9.7,.462,0.6,1.7,.369,3.8,8.0,.481,.494,1.4,1.7,.798,1.0,4.8,5.8,4.1,1.7,0.3,1.9,2.2,10.9
122,Ish Smith\smithis01,PG,31,WAS,68,23,26.3,4.5,10.1,.447,0.9,2.5,.367,3.6,7.6,.473,.492,0.9,1.3,.721,0.4,2.8,3.2,4.9,0.9,0.4,1.4,1.6,10.9
123,Jeff Teague\teaguje01,PG,31,TOT,59,17,24.8,3.6,8.3,.436,0.7,2.0,.368,2.9,6.3,.457,.480,2.9,3.3,.873,0.5,1.9,2.4,5.2,0.7,0.3,2.0,1.8,10.9
124,Rudy Gay\gayru01,PF,33,SAS,67,5,21.8,4.0,8.9,.446,1.1,3.3,.336,2.9,5.6,.511,.508,1.8,2.0,.882,0.9,4.5,5.4,1.7,0.5,0.5,1.3,1.5,10.8
125,Dario Šarić\saricda01,PF,25,PHO,66,51,24.7,3.9,8.2,.476,1.3,3.6,.357,2.6,4.6,.568,.554,1.6,1.9,.844,1.5,4.6,6.2,1.9,0.6,0.2,1.3,2.4,10.7
126,OG Anunoby\anunoog01,SF,22,TOR,69,68,29.9,4.1,8.2,.505,1.3,3.3,.390,2.9,4.9,.583,.584,1.0,1.5,.706,1.2,4.1,5.3,1.6,1.4,0.7,1.1,2.4,10.6
127,D.J. Augustin\augusdj01,PG,32,ORL,57,13,24.9,3.2,8.1,.399,1.2,3.5,.348,2.0,4.6,.438,.475,2.8,3.2,.890,0.4,1.8,2.1,4.6,0.6,0.0,1.5,1.3,10.5
128,Jae Crowder\crowdja01,SF,29,TOT,65,53,28.8,3.5,8.7,.401,2.1,6.1,.343,1.4,2.6,.538,.521,1.5,1.9,.776,0.8,5.1,5.9,2.5,1.1,0.4,1.1,2.2,10.5
129,Danuel House\houseda01,SF,26,HOU,63,52,30.4,3.7,8.6,.427,2.0,5.6,.363,1.6,2.9,.549,.546,1.2,1.4,.811,0.9,3.3,4.2,1.3,1.1,0.5,0.9,2.1,10.5
130,Cam Reddish\reddica01,SF,20,ATL,58,34,26.7,3.7,9.6,.384,1.4,4.3,.332,2.2,5.2,.428,.459,1.7,2.2,.802,0.6,3.1,3.7,1.5,1.1,0.5,1.7,2.3,10.5
131,Troy Brown Jr.\browntr01,SG,20,WAS,69,22,25.8,4.0,9.0,.439,0.9,2.6,.341,3.1,6.4,.479,.488,1.6,2.0,.784,1.1,4.4,5.6,2.6,1.2,0.1,1.1,1.9,10.4
132,Gary Harris\harriga01,SG,25,DEN,56,55,31.8,3.9,9.3,.420,1.3,3.8,.333,2.6,5.5,.479,.487,1.3,1.6,.815,0.5,2.4,2.9,2.1,1.4,0.3,1.1,2.1,10.4
133,Langston Galloway\gallola01,SG,28,DET,66,6,25.8,3.6,8.2,.435,2.0,5.0,.399,1.6,3.2,.493,.557,1.1,1.3,.859,0.5,1.8,2.3,1.5,0.7,0.2,0.6,1.5,10.3
134,Doug McDermott\mcderdo01,PF,28,IND,69,0,19.9,3.9,7.9,.488,1.9,4.3,.435,2.0,3.7,.549,.605,0.7,0.8,.828,0.4,2.1,2.5,1.1,0.2,0.1,0.6,1.7,10.3
135,Malik Monk\monkma01,SG,21,CHO,55,1,21.3,3.9,8.9,.434,1.1,3.7,.284,2.8,5.2,.542,.494,1.5,1.8,.820,0.5,2.4,2.9,2.1,0.5,0.3,1.4,1.3,10.3
136,Shabazz Napier\napiesh01,PG,28,TOT,56,32,24.0,3.4,8.1,.412,1.4,4.3,.317,2.0,3.9,.519,.496,2.3,2.7,.824,0.5,2.4,2.8,4.7,1.2,0.2,2.3,1.8,10.3
137,Garrett Temple\templga01,SG,33,BRK,62,35,27.9,3.6,9.5,.378,2.0,6.2,.329,1.5,3.2,.473,.486,1.1,1.4,.805,0.5,3.0,3.5,2.5,0.8,0.5,1.0,1.7,10.3
138,Thaddeus Young\youngth01,PF,31,CHI,64,16,24.9,4.2,9.4,.448,1.2,3.5,.356,3.0,5.9,.501,.513,0.7,1.1,.583,1.5,3.5,4.9,1.8,1.4,0.4,1.6,2.1,10.3
139,Josh Hart\hartjo01,SF,24,NOP,65,16,27.0,3.5,8.2,.423,1.9,5.4,.342,1.6,2.7,.584,.537,1.3,1.8,.739,0.9,5.6,6.5,1.7,1.0,0.4,1.2,2.5,10.1
140,Ben McLemore\mclembe01,SG,26,HOU,71,23,22.8,3.4,7.7,.444,2.5,6.4,.400,0.9,1.3,.656,.610,0.7,0.9,.746,0.3,1.9,2.2,0.8,0.6,0.2,0.7,2.2,10.1
141,Larry Nance Jr.\nancela02,C,27,CLE,56,10,26.3,4.1,7.7,.531,1.0,2.8,.352,3.1,4.9,.636,.596,0.9,1.3,.676,1.9,5.4,7.3,2.2,1.0,0.4,1.1,1.6,10.1
142,Bobby Portis\portibo01,C,24,NYK,66,5,21.1,4.0,8.9,.450,1.0,2.8,.358,3.0,6.1,.493,.507,1.1,1.4,.763,1.2,3.9,5.1,1.5,0.5,0.3,1.1,1.7,10.1
143,Kevin Porter Jr.\porteke02,SF,19,CLE,50,3,23.2,3.7,8.4,.442,1.1,3.2,.335,2.7,5.3,.506,.505,1.5,2.0,.723,0.4,2.8,3.2,2.2,0.9,0.3,1.9,2.7,10.0
144,Tomáš Satoranský\satorto01,PG,28,CHI,65,64,28.9,3.6,8.5,.430,1.0,3.1,.322,2.7,5.4,.491,.488,1.6,1.9,.876,1.2,2.7,3.9,5.4,1.2,0.1,2.0,2.1,9.9
145,Joe Ingles\inglejo01,SF,32,UTA,72,45,29.7,3.4,7.7,.445,2.0,4.9,.399,1.5,2.8,.525,.572,1.0,1.3,.787,0.4,3.5,3.9,5.2,0.9,0.2,2.0,2.1,9.8
146,Furkan Korkmaz\korkmfu01,SG,22,PHI,72,12,21.7,3.4,7.8,.430,2.0,4.9,.402,1.4,2.9,.478,.557,1.1,1.4,.755,0.3,2.1,2.3,1.1,0.6,0.2,0.8,1.4,9.8
147,Markieff Morris\morrima02,PF,30,TOT,58,17,20.5,3.5,7.9,.443,1.5,3.9,.386,2.0,4.0,.500,.539,1.1,1.5,.776,0.7,3.1,3.8,1.3,0.5,0.3,1.3,2.3,9.7
148,Mitchell Robinson\robinmi01,C,21,NYK,61,7,23.1,4.1,5.6,.742,0.0,0.0,,4.1,5.6,.742,.742,1.4,2.4,.568,3.0,4.0,7.0,0.6,0.9,2.0,0.6,3.2,9.7
149,Dorian Finney-Smith\finnedo01,PF,26,DAL,71,68,29.9,3.4,7.4,.466,1.6,4.3,.376,1.8,3.1,.589,.575,1.1,1.5,.722,2.0,3.7,5.7,1.6,0.6,0.5,1.0,2.5,9.5
150,Aaron Holiday\holidaa01,PG,23,IND,66,33,24.5,3.5,8.5,.414,1.3,3.3,.394,2.2,5.2,.427,.491,1.1,1.3,.851,0.3,2.0,2.4,3.4,0.8,0.2,1.3,1.8,9.5
151,George Hill\hillge01,PG,33,MIL,59,2,21.5,3.3,6.4,.516,1.4,3.0,.460,1.9,3.4,.565,.624,1.4,1.7,.842,0.8,2.2,3.0,3.1,0.8,0.1,1.0,1.4,9.4
152,Kentavious Caldwell-Pope\caldwke01,SG,26,LAL,69,26,25.5,3.4,7.3,.467,1.3,3.5,.385,2.1,3.9,.541,.558,1.1,1.5,.775,0.6,1.5,2.1,1.6,0.8,0.2,0.9,1.9,9.3
153,Marquese Chriss\chrisma01,PF,22,GSW,59,21,20.3,3.6,6.5,.545,0.1,0.7,.205,3.4,5.9,.584,.556,2.0,2.6,.769,1.9,4.3,6.2,1.9,0.7,1.1,1.3,2.1,9.3
154,Michael Porter Jr.\portemi01,PF,21,DEN,55,8,16.4,3.5,7.0,.509,1.1,2.7,.422,2.4,4.3,.564,.590,1.1,1.3,.833,1.2,3.5,4.7,0.8,0.5,0.5,0.9,1.8,9.3
155,Landry Shamet\shamela01,SG,22,LAC,53,30,27.4,3.0,7.4,.404,2.1,5.6,.375,0.9,1.8,.495,.546,1.2,1.4,.855,0.1,1.8,1.9,1.9,0.4,0.2,0.8,2.7,9.3
156,Jarrett Culver\culveja01,SG,20,MIN,63,35,23.9,3.7,9.0,.404,1.0,3.5,.299,2.6,5.5,.471,.462,0.9,1.9,.462,1.1,2.3,3.4,1.7,0.9,0.6,1.3,2.0,9.2
157,Donte DiVincenzo\divindo01,SG,23,MIL,66,24,23.0,3.5,7.7,.455,1.3,3.7,.336,2.3,4.0,.567,.536,1.0,1.3,.733,1.0,3.8,4.8,2.3,1.3,0.3,1.4,1.7,9.2
158,Daniel Theis\theisda01,C,27,BOS,65,64,24.1,3.7,6.6,.566,0.5,1.5,.333,3.2,5.1,.633,.603,1.3,1.8,.763,2.2,4.4,6.6,1.7,0.6,1.3,0.8,3.4,9.2
159,Mikal Bridges\bridgmi01,SF,23,PHO,73,32,28.0,3.4,6.6,.510,1.0,2.7,.361,2.4,4.0,.610,.583,1.4,1.7,.844,0.9,3.1,4.0,1.8,1.4,0.6,1.0,2.2,9.1
160,Maxi Kleber\klebima01,C,28,DAL,74,21,25.5,3.2,6.9,.461,1.6,4.3,.373,1.6,2.6,.605,.577,1.1,1.3,.849,1.5,3.7,5.2,1.2,0.3,1.1,0.8,2.4,9.1
161,Derrick Favors\favorde01,C,28,NOP,51,49,24.4,4.1,6.6,.617,0.0,0.1,.143,4.1,6.5,.627,.618,0.8,1.4,.563,3.2,6.6,9.8,1.6,0.6,0.9,1.1,2.1,9.0
162,Monte Morris\morrimo01,PG,24,DEN,73,12,22.4,3.6,7.8,.459,0.9,2.4,.378,2.7,5.4,.495,.517,1.0,1.2,.843,0.3,1.5,1.9,3.5,0.8,0.2,0.7,1.0,9.0
163,Sviatoslav Mykhailiuk\mykhasv01,SF,22,DET,56,27,22.6,3.0,7.2,.410,2.1,5.1,.404,0.9,2.1,.425,.552,1.0,1.3,.814,0.3,1.6,1.9,1.9,0.7,0.1,1.1,1.6,9.0
164,Bruce Brown\brownbr01,SG,23,DET,58,43,28.2,3.4,7.7,.443,0.6,1.7,.344,2.8,6.1,.470,.480,1.5,2.1,.739,1.1,3.7,4.7,4.0,1.1,0.5,1.7,2.8,8.9
165,Gary Trent Jr.\trentga02,SG,21,POR,61,8,21.8,3.2,7.2,.444,1.8,4.4,.418,1.4,2.8,.486,.571,0.6,0.7,.822,0.4,1.2,1.6,1.0,0.8,0.3,0.3,1.5,8.9
166,Kent Bazemore\bazemke01,SF-SG,30,TOT,68,21,24.8,2.9,7.9,.375,1.2,3.6,.344,1.7,4.3,.400,.453,1.7,2.2,.769,0.4,3.9,4.3,1.4,1.1,0.6,1.3,2.9,8.8
167,Cameron Johnson\johnsca02,PF,23,PHO,57,9,22.0,3.1,7.1,.435,1.9,4.8,.390,1.2,2.3,.526,.565,0.8,1.0,.807,0.9,2.4,3.3,1.2,0.6,0.4,0.6,1.5,8.8
168,Jordan Poole\poolejo01,SG,20,GSW,57,14,22.4,2.9,8.8,.333,1.3,4.6,.279,1.6,4.2,.392,.406,1.7,2.1,.798,0.2,1.9,2.1,2.4,0.6,0.2,1.3,1.6,8.8
169,Austin Rivers\riverau01,SG,27,HOU,68,4,23.4,3.1,7.4,.421,1.4,4.0,.356,1.7,3.4,.498,.517,1.1,1.6,.703,0.4,2.2,2.6,1.7,0.7,0.1,0.7,1.9,8.8
170,Josh Okogie\okogijo01,SG,21,MIN,62,28,25.0,2.7,6.4,.427,0.7,2.5,.266,2.1,3.9,.529,.479,2.5,3.1,.796,1.4,2.9,4.3,1.6,1.1,0.4,1.4,2.2,8.6
171,Derrick Jones Jr.\jonesde02,SF,22,MIA,59,16,23.3,3.1,5.9,.527,0.6,2.2,.280,2.5,3.7,.677,.580,1.6,2.1,.772,1.1,2.8,3.9,1.1,1.0,0.6,0.5,2.2,8.5
172,Justin Holiday\holidju01,SG,30,IND,73,6,25.0,2.8,6.7,.428,1.8,4.5,.405,1.0,2.1,.477,.566,0.7,0.9,.791,0.4,2.8,3.3,1.3,1.2,0.6,0.6,1.9,8.3
173,DeAndre Jordan\jordade01,C,31,BRK,56,6,22.0,3.4,5.1,.666,0.0,0.0,,3.4,5.1,.666,.666,1.5,2.2,.680,2.5,7.5,10.0,1.9,0.3,0.9,1.3,2.0,8.3
174,E'Twaun Moore\mooreet01,SG,30,NOP,56,6,18.2,3.3,7.8,.426,1.1,3.0,.377,2.2,4.8,.456,.498,0.6,0.8,.689,0.6,1.8,2.3,1.4,0.6,0.2,0.7,1.4,8.3
175,Anfernee Simons\simonan01,SG,20,POR,70,4,20.7,3.1,7.7,.399,1.1,3.2,.332,2.0,4.4,.448,.469,1.1,1.3,.826,0.4,1.8,2.2,1.4,0.4,0.1,0.9,1.9,8.3
176,Ivica Zubac\zubaciv01,C,22,LAC,72,70,18.4,3.3,5.3,.613,0.0,0.0,.000,3.3,5.3,.616,.613,1.7,2.3,.747,2.7,4.8,7.5,1.1,0.2,0.9,0.8,2.3,8.3
177,Jalen Brunson\brunsja01,PG,23,DAL,57,16,17.9,3.2,6.8,.466,0.8,2.1,.358,2.4,4.7,.515,.522,1.1,1.3,.813,0.4,2.0,2.4,3.3,0.4,0.1,1.2,1.3,8.2
178,Kelly Olynyk\olynyke01,C,28,MIA,67,9,19.4,2.7,5.9,.462,1.4,3.5,.406,1.3,2.4,.543,.582,1.3,1.5,.860,0.7,3.9,4.6,1.7,0.7,0.3,1.1,2.6,8.2
179,Enes Kanter\kanteen01,C,27,BOS,58,7,16.9,3.4,6.0,.572,0.0,0.1,.143,3.4,5.9,.581,.573,1.2,1.7,.707,2.8,4.6,7.4,1.0,0.4,0.7,1.0,1.7,8.1
180,Trevor Ariza\arizatr01,SF,34,TOT,53,21,28.2,2.7,6.1,.438,1.5,3.9,.372,1.2,2.2,.556,.557,1.2,1.4,.838,0.6,4.0,4.6,1.7,1.3,0.3,1.1,2.1,8.0
181,Danny Green\greenda02,SG,32,LAL,68,68,24.8,2.9,7.0,.416,1.8,4.8,.367,1.1,2.2,.524,.542,0.5,0.7,.688,0.8,2.6,3.3,1.3,1.3,0.5,0.9,2.0,8.0
182,Alex Len\lenal01,C,26,TOT,55,12,17.6,3.2,5.8,.555,0.3,1.1,.271,2.9,4.7,.619,.580,1.2,1.9,.648,1.8,4.0,5.8,0.9,0.4,0.9,1.0,2.3,8.0
183,Tony Snell\snellto01,SF,28,DET,59,57,27.8,2.9,6.5,.445,1.7,4.3,.402,1.2,2.2,.531,.579,0.5,0.5,1.000,0.2,1.7,1.9,2.2,0.5,0.3,0.5,1.7,8.0
184,Patrick Beverley\beverpa01,PG,31,LAC,51,50,26.3,2.9,6.7,.431,1.6,4.0,.388,1.3,2.6,.496,.548,0.6,0.9,.660,1.1,4.1,5.2,3.6,1.1,0.5,1.3,3.1,7.9
185,De'Anthony Melton\meltode01,PG,21,MEM,60,8,19.5,2.7,6.7,.401,0.7,2.3,.286,2.0,4.4,.464,.451,1.6,2.0,.769,0.7,3.0,3.7,2.9,1.3,0.3,1.4,1.8,7.6
186,Terence Davis\daviste02,SG,22,TOR,72,4,16.8,2.8,6.1,.456,1.3,3.4,.388,1.5,2.7,.541,.564,0.7,0.8,.864,0.7,2.6,3.3,1.6,0.5,0.2,1.1,1.7,7.5
187,Dwight Howard\howardw01,C,34,LAL,69,2,18.9,2.9,4.0,.729,0.0,0.1,.600,2.9,3.9,.732,.735,1.6,3.1,.514,2.5,4.9,7.3,0.7,0.4,1.1,1.2,3.2,7.5
188,Bismack Biyombo\biyombi01,C,27,CHO,53,29,19.4,2.8,5.2,.543,0.0,0.0,,2.8,5.2,.543,.543,1.7,2.8,.603,2.3,3.5,5.8,0.9,0.2,0.9,0.9,2.2,7.4
189,Gorgui Dieng\dienggo01,C,30,TOT,63,17,17.4,2.6,5.8,.456,0.9,2.4,.355,1.8,3.4,.528,.530,1.2,1.6,.772,1.4,4.2,5.6,1.2,0.8,0.9,1.0,2.0,7.4
190,Jaxson Hayes\hayesja02,C,19,NOP,64,14,16.9,2.7,4.0,.672,0.0,0.1,.250,2.7,4.0,.678,.674,1.9,3.0,.647,1.5,2.5,4.0,0.9,0.4,0.9,0.8,2.5,7.4
191,Tyus Jones\jonesty01,PG,23,MEM,65,6,19.0,3.0,6.6,.459,0.7,1.9,.379,2.3,4.7,.492,.514,0.7,0.9,.741,0.1,1.4,1.6,4.4,0.9,0.1,0.8,0.7,7.4
192,Wesley Matthews\matthwe02,SG,33,MIL,67,67,24.4,2.5,6.3,.396,1.6,4.4,.364,0.9,1.9,.472,.524,0.8,1.0,.765,0.3,2.1,2.5,1.4,0.6,0.1,0.6,1.5,7.4
193,Nerlens Noel\noelne01,C,25,OKC,61,7,18.5,3.0,4.4,.684,0.0,0.0,.333,3.0,4.4,.688,.686,1.3,1.7,.755,1.5,3.4,4.9,0.9,1.0,1.5,1.1,2.7,7.4
194,Kris Dunn\dunnkr01,PG,25,CHI,51,32,24.9,3.0,6.7,.444,0.6,2.2,.259,2.4,4.5,.535,.487,0.8,1.1,.741,0.5,3.2,3.6,3.4,2.0,0.3,1.3,3.1,7.3
195,Emmanuel Mudiay\mudiaem01,PG,23,UTA,54,2,15.7,2.8,6.1,.462,0.6,1.6,.345,2.2,4.4,.504,.508,1.2,1.5,.759,0.3,2.0,2.3,2.1,0.4,0.2,1.4,1.3,7.3
196,Willie Cauley-Stein\caulewi01,C,26,TOT,54,39,20.3,3.2,5.6,.579,0.0,0.0,.000,3.2,5.6,.581,.579,0.7,1.2,.606,1.6,4.3,5.8,1.3,0.9,1.1,0.7,2.2,7.2
197,Mason Plumlee\plumlma01,C,29,DEN,61,1,17.3,2.9,4.7,.615,0.0,0.1,.000,2.9,4.6,.625,.615,1.4,2.5,.535,1.6,3.6,5.2,2.5,0.5,0.6,1.3,2.3,7.2
198,Rondae Hollis-Jefferson\holliro01,SF,25,TOR,60,6,18.7,2.6,5.5,.471,0.1,0.4,.130,2.5,5.1,.497,.476,1.8,2.4,.734,1.8,2.9,4.7,1.8,0.8,0.4,1.0,1.9,7.0
199,P.J. Tucker\tuckepj01,PF,34,HOU,72,72,34.3,2.5,5.9,.415,1.5,4.2,.358,1.0,1.8,.551,.541,0.5,0.7,.813,1.6,5.1,6.6,1.6,1.1,0.5,1.0,3.2,6.9
200,Brad Wanamaker\wanambr01,PG,30,BOS,71,1,19.3,2.3,5.1,.448,0.5,1.4,.363,1.8,3.7,.481,.499,1.8,1.9,.926,0.3,1.7,2.0,2.5,0.9,0.2,1.1,1.9,6.9
201,Delon Wright\wrighde01,SG,27,DAL,73,5,21.5,2.6,5.6,.462,0.6,1.7,.370,2.0,3.9,.504,.519,1.1,1.4,.770,1.0,2.9,3.8,3.3,1.2,0.3,1.0,1.3,6.9
202,JaMychal Green\greenja01,PF,29,LAC,63,1,20.7,2.4,5.6,.429,1.5,3.8,.387,0.9,1.8,.518,.560,0.6,0.8,.750,1.2,4.9,6.2,0.8,0.5,0.4,0.9,2.8,6.8
203,Kyle Korver\korveky01,SF,38,MIL,58,1,16.6,2.2,5.1,.430,1.7,4.1,.418,0.5,1.0,.482,.599,0.6,0.7,.854,0.3,1.8,2.1,1.2,0.4,0.2,0.8,1.3,6.7
204,Chris Boucher\bouchch01,PF,27,TOR,62,0,13.2,2.3,4.8,.472,0.6,1.9,.322,1.7,2.9,.569,.535,1.5,1.9,.784,1.7,2.7,4.5,0.4,0.4,1.0,0.5,1.8,6.6
205,James Ennis\ennisja01,SF,29,TOT,69,18,18.3,2.3,5.2,.446,0.8,2.4,.325,1.5,2.8,.553,.522,1.1,1.4,.806,1.0,2.5,3.6,0.9,0.5,0.3,0.8,2.0,6.6
206,Ersan İlyasova\ilyaser01,PF,32,MIL,63,8,15.7,2.3,5.0,.466,0.8,2.2,.365,1.5,2.8,.545,.546,1.1,1.4,.828,1.0,3.8,4.8,0.8,0.4,0.3,0.5,1.5,6.6
207,JaVale McGee\mcgeeja01,C,32,LAL,68,68,16.6,2.9,4.5,.637,0.0,0.1,.500,2.8,4.4,.640,.642,0.8,1.2,.646,1.8,3.9,5.7,0.5,0.5,1.4,0.8,2.3,6.6
208,Nicolò Melli\mellini01,C,29,NOP,60,8,17.4,2.3,5.4,.421,1.2,3.4,.335,1.1,2.0,.573,.528,0.9,1.2,.740,0.6,2.4,3.0,1.4,0.6,0.4,0.8,2.1,6.6
209,T.J. McConnell\mccontj01,PG,27,IND,71,3,18.7,3.0,5.8,.516,0.1,0.2,.294,2.9,5.5,.525,.522,0.5,0.6,.833,0.5,2.1,2.7,5.0,0.8,0.2,1.4,1.0,6.5
210,Cory Joseph\josepco01,PG,28,SAC,72,26,24.4,2.4,5.7,.415,0.8,2.2,.352,1.6,3.5,.455,.483,0.8,1.0,.857,0.6,2.0,2.6,3.5,0.7,0.3,1.1,1.8,6.4
211,Kevin Knox\knoxke01,SF,20,NYK,65,4,17.9,2.2,6.2,.359,1.0,3.1,.327,1.2,3.1,.391,.440,1.0,1.6,.653,0.4,2.4,2.8,0.9,0.4,0.4,0.7,1.6,6.4
212,Trey Lyles\lylestr01,PF,24,SAS,63,53,20.2,2.4,5.4,.446,1.0,2.7,.387,1.4,2.8,.503,.541,0.5,0.7,.733,1.1,4.6,5.7,1.1,0.4,0.4,0.6,1.6,6.4
213,Lonnie Walker\walkelo01,SG,21,SAS,61,12,16.2,2.5,5.9,.426,0.7,1.7,.406,1.8,4.2,.434,.483,0.7,1.0,.721,0.4,1.9,2.3,1.1,0.5,0.2,0.7,1.3,6.4
214,Marco Belinelli\belinma01,SG,33,SAS,57,0,15.5,2.2,5.5,.392,1.2,3.1,.376,1.0,2.4,.412,.498,0.8,1.0,.828,0.1,1.6,1.7,1.2,0.2,0.0,0.3,0.8,6.3
215,Frank Jackson\jacksfr01,PG,21,NOP,59,2,13.5,2.3,5.6,.405,0.8,2.4,.326,1.5,3.2,.465,.476,0.9,1.3,.747,0.4,1.0,1.4,1.0,0.3,0.1,0.8,1.3,6.3
216,Abdel Nader\naderab01,SF,26,OKC,55,6,15.8,2.2,4.8,.468,0.9,2.3,.375,1.4,2.5,.556,.559,0.9,1.2,.773,0.3,1.6,1.8,0.7,0.4,0.4,0.8,1.4,6.3
217,Frank Ntilikina\ntilila01,PG,21,NYK,57,26,20.8,2.3,5.8,.393,0.8,2.4,.321,1.5,3.4,.444,.459,0.9,1.0,.864,0.4,1.7,2.1,3.0,0.9,0.3,1.2,2.5,6.3
218,Royce O'Neale\onealro01,PF,26,UTA,71,62,28.9,2.2,5.1,.433,1.3,3.4,.377,0.9,1.7,.545,.559,0.6,0.8,.764,0.4,5.1,5.5,2.5,0.8,0.5,0.9,2.8,6.3
219,Taj Gibson\gibsota01,C,34,NYK,62,56,16.5,2.7,4.6,.584,0.1,0.2,.286,2.6,4.4,.599,.591,0.7,0.9,.732,1.8,2.5,4.3,0.8,0.4,0.5,0.8,2.0,6.1
220,Meyers Leonard\leoname01,C,27,MIA,51,49,20.3,2.3,4.6,.509,1.0,2.5,.414,1.3,2.1,.623,.622,0.4,0.5,.643,0.6,4.5,5.1,1.1,0.3,0.3,0.8,2.1,6.1
221,Mike Scott\scottmi01,PF,31,PHI,68,11,17.8,2.2,5.1,.426,1.2,3.2,.369,1.0,2.0,.519,.540,0.4,0.5,.811,1.0,2.7,3.6,0.8,0.3,0.1,0.4,1.4,6.0
222,Georges Niang\niangge01,PF,26,UTA,66,1,14.0,2.1,4.9,.438,1.4,3.4,.400,0.8,1.5,.526,.578,0.3,0.4,.833,0.2,1.7,1.9,0.7,0.3,0.1,0.5,1.1,5.9
223,Marvin Williams\willima02,PF,33,TOT,58,1,19.5,2.1,4.6,.446,1.0,2.7,.359,1.1,1.9,.568,.551,0.8,1.0,.860,0.5,2.6,3.2,1.0,0.6,0.5,0.6,1.8,5.9
224,Kyle Anderson\anderky01,PF,26,MEM,67,28,19.9,2.3,4.9,.474,0.4,1.3,.282,2.0,3.7,.541,.511,0.8,1.2,.667,0.9,3.4,4.3,2.4,0.8,0.6,1.0,1.7,5.8
225,Maurice Harkless\harklma01,SF,26,TOT,62,48,23.0,2.3,4.6,.502,0.5,1.6,.347,1.7,3.0,.584,.562,0.6,1.1,.591,0.9,3.0,3.9,1.1,0.9,0.5,0.9,2.4,5.8
226,Wesley Iwundu\iwundwe01,SF,25,ORL,52,21,18.3,1.9,4.5,.416,0.5,1.6,.341,1.3,2.9,.457,.476,1.5,1.9,.804,0.5,2.1,2.5,1.2,0.5,0.3,0.5,1.5,5.8
227,Darius Bazley\bazleda01,PF,19,OKC,61,9,18.5,2.0,5.2,.394,0.8,2.3,.348,1.2,2.9,.432,.472,0.7,1.0,.694,0.5,3.5,4.0,0.7,0.4,0.7,0.7,0.9,5.6
228,Damian Jones\jonesda03,C,24,ATL,55,27,16.1,2.2,3.2,.680,0.0,0.2,.222,2.2,3.1,.704,.685,1.1,1.5,.738,1.3,2.4,3.7,0.6,0.5,0.7,0.5,2.7,5.6
229,Jakob Poeltl\poeltja01,C,24,SAS,66,18,17.7,2.5,4.0,.624,0.0,0.0,,2.5,4.0,.624,.624,0.6,1.3,.465,2.0,3.7,5.7,1.8,0.6,1.4,0.8,1.9,5.6
230,Alex Caruso\carusal01,PG,25,LAL,64,2,18.4,1.9,4.5,.412,0.6,1.9,.333,1.3,2.7,.468,.481,1.1,1.5,.734,0.3,1.7,1.9,1.9,1.1,0.3,0.8,1.5,5.5
231,Solomon Hill\hillso01,SF,28,TOT,59,4,18.4,1.9,4.7,.396,1.1,2.9,.368,0.8,1.8,.439,.509,0.7,0.9,.741,0.5,2.3,2.8,1.8,0.7,0.2,0.9,1.4,5.5
232,Justin Jackson\jacksju01,PF,24,DAL,65,3,16.1,2.1,5.2,.396,0.7,2.5,.294,1.3,2.7,.489,.466,0.6,0.8,.840,0.4,2.0,2.4,0.8,0.2,0.2,0.2,1.1,5.5
233,Mo Bamba\bambamo01,C,21,ORL,62,0,14.2,2.1,4.6,.462,0.6,1.7,.346,1.5,2.9,.531,.526,0.5,0.7,.674,1.6,3.3,4.9,0.7,0.4,1.4,0.7,1.9,5.4
234,Pat Connaughton\connapa01,SG,27,MIL,67,4,18.6,2.0,4.5,.455,0.8,2.5,.331,1.2,2.0,.607,.547,0.5,0.6,.775,0.9,3.3,4.2,1.6,0.4,0.5,0.8,1.0,5.4
235,Torrey Craig\craigto01,SF,29,DEN,58,27,18.5,2.1,4.6,.461,0.8,2.4,.326,1.4,2.3,.603,.545,0.4,0.6,.611,1.1,2.2,3.3,0.8,0.4,0.6,0.4,2.3,5.4
236,Robin Lopez\lopezro01,C,31,MIL,66,5,14.5,2.2,4.5,.492,0.5,1.6,.333,1.7,2.9,.577,.550,0.4,0.8,.528,0.8,1.6,2.4,0.7,0.2,0.7,1.0,1.5,5.4
237,Sterling Brown\brownst02,SF,24,MIL,52,1,14.8,1.8,4.9,.371,0.8,2.6,.324,1.0,2.3,.425,.457,0.6,0.8,.800,0.6,2.9,3.5,1.0,0.6,0.1,0.8,1.0,5.1
238,Raul Neto\netora01,PG,27,PHI,54,3,12.4,1.9,4.1,.455,0.6,1.6,.386,1.2,2.5,.500,.532,0.7,0.9,.830,0.2,0.9,1.1,1.8,0.4,0.1,0.9,0.9,5.1
239,Jerome Robinson\robinje01,SG,22,TOT,63,6,15.5,1.8,4.9,.371,0.8,2.4,.320,1.0,2.5,.420,.450,0.6,0.9,.702,0.2,1.8,2.0,1.4,0.4,0.3,0.8,1.8,5.1
240,Isaac Bonga\bongais01,SF,20,WAS,66,49,18.9,1.8,3.5,.504,0.4,1.1,.352,1.4,2.5,.571,.558,1.0,1.3,.812,1.1,2.3,3.4,1.2,0.7,0.3,0.9,2.4,5.0
241,Vince Carter\cartevi01,SF,43,ATL,60,0,14.6,1.8,5.1,.352,1.0,3.4,.302,0.8,1.7,.451,.452,0.4,0.5,.793,0.3,1.8,2.1,0.8,0.4,0.4,0.6,1.5,5.0
242,Tony Bradley\bradlto01,C,22,UTA,58,3,11.4,2.2,3.3,.667,0.1,0.1,1.000,2.1,3.2,.661,.675,0.5,0.8,.652,1.9,2.7,4.6,0.4,0.2,0.6,0.5,2.0,4.9
243,Jevon Carter\carteje01,PG,24,PHO,58,2,16.3,1.7,4.2,.416,1.1,2.5,.425,0.7,1.7,.402,.543,0.4,0.5,.852,0.5,1.5,2.0,1.4,0.8,0.3,0.6,1.5,4.9
244,Patrick Patterson\pattepa01,PF,30,LAC,59,18,13.2,1.6,3.9,.408,1.1,2.9,.390,0.5,1.0,.459,.552,0.6,0.7,.814,0.6,2.0,2.6,0.7,0.1,0.1,0.4,0.9,4.9
245,Mario Hezonja\hezonma01,PF,24,POR,53,4,16.4,1.7,4.1,.422,0.5,1.5,.308,1.3,2.6,.486,.477,0.9,1.1,.814,0.6,2.9,3.5,0.9,0.7,0.2,0.8,2.0,4.8
246,Thon Maker\makerth01,C,22,DET,60,14,12.9,1.6,3.2,.482,0.4,1.1,.344,1.2,2.2,.550,.539,1.2,1.8,.664,0.9,1.9,2.8,0.7,0.4,0.7,0.8,1.7,4.7
247,Matisse Thybulle\thybuma01,SG,22,PHI,65,14,19.8,1.7,4.1,.423,0.9,2.4,.357,0.9,1.7,.519,.528,0.4,0.6,.610,0.7,1.0,1.6,1.2,1.4,0.7,0.8,2.2,4.7
248,Ryan Arcidiacono\arcidry01,PG,25,CHI,58,4,16.0,1.6,3.8,.409,0.9,2.4,.391,0.6,1.4,.439,.532,0.5,0.7,.711,0.3,1.6,1.9,1.7,0.5,0.1,0.6,1.7,4.5
249,Yogi Ferrell\ferreyo01,PG,26,SAC,50,0,10.6,1.6,3.8,.420,0.5,1.6,.304,1.1,2.2,.505,.484,0.7,0.8,.857,0.1,0.9,1.0,1.4,0.4,0.1,0.6,0.8,4.4
250,Treveon Graham\grahatr01,SG,26,TOT,55,20,16.9,1.6,4.4,.360,0.6,2.2,.275,1.0,2.2,.443,.428,0.7,1.0,.643,0.9,1.8,2.7,0.8,0.4,0.1,0.5,1.9,4.4
251,Bruno Fernando\fernabr01,C,21,ATL,56,13,12.7,1.8,3.6,.518,0.1,0.7,.135,1.8,2.9,.605,.530,0.5,0.9,.569,1.2,2.3,3.5,0.9,0.3,0.3,0.8,1.9,4.3
252,Elie Okobo\okoboel01,PG,22,PHO,55,3,13.1,1.3,3.3,.398,0.5,1.3,.352,0.9,2.0,.427,.467,0.9,1.3,.704,0.3,1.3,1.6,2.1,0.4,0.1,0.7,1.0,4.0
253,Terrance Ferguson\fergute01,SF,21,OKC,56,38,22.4,1.4,3.9,.355,0.9,3.0,.292,0.5,0.9,.558,.466,0.3,0.4,.750,0.4,0.9,1.3,0.9,0.5,0.3,0.6,2.8,3.9
254,Anthony Tolliver\tollian01,PF,34,TOT,55,13,15.9,1.2,3.3,.357,0.9,2.6,.338,0.3,0.7,.432,.492,0.4,0.5,.724,0.6,2.2,2.8,0.8,0.3,0.2,0.6,1.3,3.6
255,Semi Ojeleye\ojelese01,PF,25,BOS,69,6,14.7,1.2,2.8,.408,0.7,1.8,.378,0.5,1.0,.464,.531,0.4,0.5,.875,0.4,1.7,2.1,0.5,0.3,0.1,0.3,1.2,3.4
256,Grant Williams\willigr01,PF,21,BOS,69,5,15.1,1.3,3.1,.412,0.3,1.4,.250,0.9,1.7,.548,.469,0.6,0.8,.722,0.9,1.7,2.6,1.0,0.4,0.5,0.7,2.4,3.4
257,Rodney McGruder\mcgruro01,SG,28,LAC,56,4,15.6,1.3,3.2,.398,0.4,1.6,.270,0.9,1.6,.522,.464,0.3,0.6,.559,0.5,2.2,2.7,0.6,0.5,0.1,0.4,1.3,3.3
258,Goga Bitadze\bitadgo01,C,20,IND,54,2,8.7,1.3,2.8,.467,0.1,0.8,.190,1.1,2.0,.574,.493,0.4,0.6,.727,0.5,1.5,2.0,0.4,0.2,0.7,0.5,1.2,3.2
259,Matthew Dellavedova\dellama01,PG,29,CLE,57,4,14.4,1.1,3.1,.354,0.4,1.6,.231,0.7,1.5,.488,.414,0.6,0.6,.865,0.3,1.0,1.3,3.2,0.4,0.0,1.0,1.4,3.1